{"cameraMode":{"drawMode":0,"name":"Shaded","section":"Shading Mode"},"sceneLighting":true,"audioPlay":false,"sceneViewState":{"showFog":true,"showMaterialUpdate":true,"showSkybox":true,"showFlares":true,"showImageEffects":true,"showParticleSystems":true},"in2DMode":false,"pivot":{"x":-9.484598159790039,"y":-0.46842455863952639,"z":2.3081703186035158},"rotation":{"x":0.05931134894490242,"y":-0.6629031896591187,"z":0.05281210318207741,"w":0.7444797158241272},"size":10.58934211730957,"orthographic":false}